{
    "ac_index": {
        "A": 1,
        "AA": 28,
        "B": 2,
        "BB": 16,
        "C": 5,
        "CC": 19,
        "D": 6,
        "DD": 20,
        "E": 3,
        "End": 30,
        "F": 4,
        "G": 8,
        "H": 7,
        "I": 9,
        "J": 10,
        "K": 11,
        "L": 29,
        "M": 12,
        "N": 25,
        "O": 15,
        "P": 23,
        "Q": 24,
        "R": 18,
        "S": 21,
        "Start": 0,
        "T": 22,
        "U": 13,
        "V": 14,
        "X": 17,
        "Y": 26,
        "Z": 27
    },
    "dense_act": "linear",
    "generated_at": "16/03/2023 10:32:12",
    "inter_mean_states": {
        "tasks": {
            "A": 0.04316172646905876,
            "AA": 0.018512740509620384,
            "B": 0.0436817472698908,
            "BB": 0.02516900676027041,
            "C": 0.0390015600624025,
            "CC": 0.11211648465938638,
            "D": 0.040665626625065,
            "DD": 0.018408736349453978,
            "E": 0.0422256890275611,
            "End": 0.0,
            "F": 0.03733749349973999,
            "G": 0.04201768070722829,
            "H": 0.04513780551222049,
            "I": 0.06365054602184088,
            "J": 0.34498179927197087,
            "K": 0.04981799271970879,
            "L": 0.0249609984399376,
            "M": 0.015600624024960999,
            "N": 0.014248569942797712,
            "O": 0.014248569942797712,
            "P": 0.006448257930317213,
            "Q": 0.052002080083203325,
            "R": 0.3118044721788872,
            "S": 0.0640665626625065,
            "Start": 0.0,
            "T": 0.07280291211648465,
            "U": 0.022464898595943836,
            "V": 0.09349973998959958,
            "X": 0.017264690587623505,
            "Y": 0.023088923556942278,
            "Z": 0.09089963598543942
        },
        "wip": 5.25
    },
    "l_size": 50,
    "log_size": 355,
    "loss": 0.009271310642361641,
    "lstm_act": "selu",
    "n_size": 10,
    "optim": "Nadam",
    "roles": {
        "Role 1": [
            "MNO-000002",
            "MNO-000001",
            "MNO-000003"
        ],
        "Role 2": [
            "DEF-000001",
            "DEF-000003",
            "DEF-000002"
        ],
        "Role 3": [
            "JKL-000001",
            "JKL-000002",
            "JKL-000003"
        ],
        "Role 4": [
            "GHI-000001",
            "GHI-000002",
            "GHI-000003"
        ],
        "Role 5": [
            "ABC-000001"
        ]
    },
    "roles_table": [
        {
            "role": "Role 2",
            "task": "Q"
        },
        {
            "role": "Role 5",
            "task": "P"
        },
        {
            "role": "Role 1",
            "task": "BB"
        },
        {
            "role": "Role 1",
            "task": "CC"
        },
        {
            "role": "Role 1",
            "task": "DD"
        },
        {
            "role": "Role 5",
            "task": "O"
        },
        {
            "role": "Role 4",
            "task": "X"
        },
        {
            "role": "Role 4",
            "task": "V"
        },
        {
            "role": "Role 4",
            "task": "U"
        },
        {
            "role": "Role 5",
            "task": "M"
        },
        {
            "role": "Role 3",
            "task": "Z"
        },
        {
            "role": "Role 3",
            "task": "AA"
        },
        {
            "role": "Role 5",
            "task": "N"
        },
        {
            "role": "Role 3",
            "task": "Y"
        },
        {
            "role": "Role 5",
            "task": "L"
        },
        {
            "role": "Role 5",
            "task": "A"
        },
        {
            "role": "Role 5",
            "task": "H"
        },
        {
            "role": "Role 5",
            "task": "G"
        },
        {
            "role": "Role 5",
            "task": "F"
        },
        {
            "role": "Role 5",
            "task": "E"
        },
        {
            "role": "Role 5",
            "task": "D"
        },
        {
            "role": "Role 5",
            "task": "C"
        },
        {
            "role": "Role 5",
            "task": "B"
        },
        {
            "role": "Role 2",
            "task": "R"
        },
        {
            "role": "Role 2",
            "task": "S"
        },
        {
            "role": "Role 2",
            "task": "T"
        },
        {
            "role": "Role 5",
            "task": "K"
        },
        {
            "role": "Role 5",
            "task": "J"
        },
        {
            "role": "Role 5",
            "task": "I"
        }
    ],
    "usr_index": {
        "ABC-000001": 1,
        "DEF-000001": 6,
        "DEF-000002": 9,
        "DEF-000003": 10,
        "End": 14,
        "GHI-000001": 2,
        "GHI-000002": 3,
        "GHI-000003": 5,
        "JKL-000001": 11,
        "JKL-000002": 12,
        "JKL-000003": 13,
        "MNO-000001": 4,
        "MNO-000002": 7,
        "MNO-000003": 8,
        "Start": 0
    }
}