{
    "generated_at": "03/06/2021 18:08:14",
    "loss": 0.29254438169710695,
    "max_cap": 3.5999999999999996
}