{
    "ac_index": {
        "End": 8,
        "Start": 0,
        "W_Assess potential fraud": 6,
        "W_Call after offers": 3,
        "W_Call incomplete files": 5,
        "W_Complete application": 2,
        "W_Handle leads": 1,
        "W_Shortened completion": 7,
        "W_Validate application": 4
    },
    "dense_act": "linear",
    "generated_at": "25/05/2021 21:20:31",
    "inter_mean_states": {
        "tasks": {
            "End": 0.0,
            "Start": 0.0,
            "W_Assess potential fraud": 0.09813081687919567,
            "W_Call after offers": 0.9313180257109951,
            "W_Call incomplete files": 1.0686949439193185,
            "W_Complete application": 1.4989287085360918,
            "W_Handle leads": 0.04479710310337314,
            "W_Shortened completion": 0.0003190529057159755,
            "W_Validate application": 2.9351596302099003
        },
        "wip": 1028.7251216551324
    },
    "l_size": 50,
    "loss": 0.0092628683632938,
    "lstm_act": "tanh",
    "n_size": 5,
    "optim": "Nadam",
    "output": "output_files/20210525_F8A4BC6C_DE48_4009_8935_74CA38E899C1/20210525_DB326899_45AF_413E_971E_EA2642A7F200",
    "roles": {
        "Role 1": [
            "User_39",
            "User_35",
            "User_116",
            "User_100",
            "User_37",
            "User_113",
            "User_86",
            "User_40",
            "User_15",
            "User_16",
            "User_117",
            "User_67",
            "User_18",
            "User_2",
            "User_119",
            "User_68",
            "User_22",
            "User_31",
            "User_70",
            "User_49",
            "User_27",
            "User_54",
            "User_14",
            "User_121",
            "User_30",
            "User_87",
            "User_24",
            "User_23",
            "User_29",
            "User_41",
            "User_112",
            "User_5",
            "User_58",
            "User_122",
            "User_48",
            "User_71",
            "User_132",
            "User_126",
            "User_90",
            "User_10",
            "User_57",
            "User_28",
            "User_93",
            "User_4",
            "User_26",
            "User_19",
            "User_7",
            "User_123",
            "User_109",
            "User_11",
            "User_85",
            "User_102",
            "User_63",
            "User_53",
            "User_45",
            "User_104",
            "User_130",
            "User_131",
            "User_8",
            "User_114",
            "User_120",
            "User_13",
            "User_44",
            "User_38",
            "User_61",
            "User_52",
            "User_32",
            "User_92",
            "User_51",
            "User_56",
            "User_60",
            "User_17",
            "User_97",
            "User_12",
            "User_78",
            "User_127",
            "User_75",
            "User_47",
            "User_3",
            "User_46",
            "User_21",
            "User_36",
            "User_101",
            "User_99",
            "User_43",
            "User_91",
            "User_42",
            "User_125",
            "User_34",
            "User_95",
            "User_20",
            "User_118",
            "User_73",
            "User_115",
            "User_33",
            "User_76",
            "User_141",
            "User_55",
            "User_64",
            "User_133",
            "User_137",
            "User_9",
            "User_6",
            "User_124",
            "User_83",
            "User_25",
            "User_59",
            "User_106",
            "User_108",
            "User_74",
            "User_107",
            "User_128",
            "User_50",
            "User_66",
            "User_96",
            "User_62",
            "User_79",
            "User_65",
            "User_103",
            "User_77",
            "User_129",
            "User_80",
            "User_139",
            "User_89",
            "User_82",
            "User_146",
            "User_110",
            "User_84",
            "User_111",
            "User_148",
            "User_136"
        ],
        "Role 2": [
            "User_138",
            "User_144",
            "User_143"
        ],
        "Role 3": [
            "User_145",
            "User_147"
        ],
        "Role 4": [
            "User_142"
        ]
    },
    "roles_table": [
        {
            "role": "Role 1",
            "task": "W_Shortened completion"
        },
        {
            "role": "Role 2",
            "task": "W_Assess potential fraud"
        },
        {
            "role": "Role 1",
            "task": "W_Handle leads"
        },
        {
            "role": "Role 1",
            "task": "W_Complete application"
        },
        {
            "role": "Role 1",
            "task": "W_Call incomplete files"
        },
        {
            "role": "Role 1",
            "task": "W_Call after offers"
        },
        {
            "role": "Role 1",
            "task": "W_Validate application"
        }
    ],
    "sim_metric": "val_loss"
}